FactKey,DateKey,CompanyKey,AssetTurnoverRatio,OperatingRatio,CurrentRatio,QuickRatio,CashRatio,WorkingCapital,OperatingCashFlowRatio,GrossMargin,OperatingMargin,NetProfitMargin,InterestCoverageRatio
1,20230331,1,0.2794,0.7014,0.9404,0.7643,0.4653,-7162000000,0.2379,0.4426,0.2986,0.2548,33.5656
2,20230630,1,0.2452,0.7188,0.9816,0.8136,0.5,-2304000000,0.2111,0.4452,0.2812,0.2431,26.1022
3,20230930,1,0.2603,0.6987,0.988,0.8433,0.4236,-1742000000,0.1486,0.4517,0.3013,0.2565,29.5629
4,20230331,2,0.0894,0.7613,0.9601,0.6595,0.2436,-1102000000,0.152,0.6739,0.2264,0.0196,8.8517
5,20230630,2,0.1027,0.6543,0.8949,0.6283,0.2719,-3387000000,0.196,0.6942,0.3255,0.146,12.2699
6,20230930,2,0.1026,0.8315,0.9555,0.7104,0.3822,-1549000000,0.0512,0.5344,0.1638,0.1277,6.1357
7,20230331,3,0.1309,0.8452,1.6285,1.1842,0.6566,9735000000,0.0738,0.5557,0.1548,0.1352,40.5962
8,20230630,3,0.135,0.8455,1.638,1.1592,0.5683,9155000000,0.0838,0.5507,0.1545,0.1378,36.3279
9,20230930,3,0.1395,0.8376,1.7378,0.5403,0.5403,9622000000,0.0,0.546,0.1624,0.1416,31.058
10,20230331,4,0.3335,0.877,1.2882,1.1463,0.3818,4711436000,0.1425,0.3057,0.123,0.0963,214.1152
11,20230630,4,0.3386,0.8576,1.3679,1.2358,0.4996,6287545000,0.1924,0.3338,0.1424,0.1213,289.435
12,20230930,4,0.3154,0.8803,1.2983,1.1815,0.5025,5372893000,0.1893,0.3242,0.1197,0.0859,146.7679
13,20230331,5,0.1729,0.6593,1.1217,1.0023,0.7601,905000000,0.2276,0.878,0.3407,0.2679,57.5312
14,20230630,5,0.1767,0.6628,1.1565,1.0333,0.8232,1255000000,0.2667,0.8812,0.3372,0.2689,72.7308
15,20230930,5,0.1718,0.653,1.2491,1.124,0.9018,2076000000,0.2247,0.8814,0.347,0.2869,70.9259
16,20230331,6,0.0208,1.0022,2.9867,11.769,11.0667,43906000000,0.0225,0.8208,-0.1152,-0.0079,-0.2834
17,20230630,6,0.0246,0.8721,3.0369,11.624,11.042,43491000000,0.0288,0.8284,0.1279,0.113,9.9964
18,20230930,6,0.0241,0.785,3.0914,11.3117,10.778,44626000000,0.1645,0.8343,0.215,0.215,13.2786
19,20230331,7,0.0792,1.0271,2.3807,1.5176,0.903,9081000000,0.0739,0.4407,-0.0191,-0.026,16.64
20,20230630,7,0.079,1.0037,2.1797,1.3998,0.83,8933000000,0.0501,0.4559,-0.0037,0.005,30.4643
21,20230930,7,0.0856,0.9614,2.188,1.4213,0.7585,9061000000,0.0552,0.4736,0.0386,0.0516,41.2308
22,20230331,8,0.0794,0.6853,3.1448,2.6238,2.2203,30488000000,0.0749,0.7183,0.5053,0.4654,7.3389
23,20230630,8,0.0781,0.6158,2.7712,2.3442,2.0032,30283000000,0.2403,0.7405,0.3842,0.1974,3.1463
24,20230930,8,0.0764,0.7072,2.8593,2.4116,2.0491,31523000000,0.1628,0.7384,0.2928,0.2506,3.5652
25,20230331,9,0.0413,0.7197,0.4581,0.333,0.2394,-4082000000,0.1421,0.7087,0.2803,0.1214,4.4171
26,20230630,9,0.0415,0.6848,0.5316,0.3898,0.291,-3244300000,0.1746,0.7015,0.3152,0.1716,4.7064
27,20230930,9,0.0425,0.6521,0.5605,0.4028,0.3085,-3018800000,0.1894,0.7106,0.2337,0.2082,3.9577
28,20230331,10,0.2748,0.966,0.9231,0.6915,0.4364,-11349000000,0.0324,0.4677,0.0389,0.0249,19.5346
29,20230630,10,0.2853,0.9425,0.9477,0.7009,0.4315,-7756000000,0.1111,0.4838,0.0572,0.0502,22.9405
30,20230930,10,0.2967,0.9218,0.9847,0.7409,0.4419,-2219000000,0.1461,0.4757,0.0782,0.069,-28.9318
31,20230331,11,0.1219,0.5386,2.5172,2.1223,1.6901,11353000000,0.5394,0.6735,0.4602,0.4233,13.0246
32,20230630,11,0.1208,0.54,2.3793,1.9417,1.5381,10360000000,0.5994,0.7002,0.4589,0.3986,12.516
33,20230930,11,0.1239,0.5417,2.496,2.038,1.6413,10988000000,0.6425,0.6945,0.4344,0.3721,11.7931
34,20230331,12,0.0616,-0.7759,20.5,49.239,20.6035,39000000000,-0.1885,1.0,0.2241,0.1272,2.5122
35,20230630,12,0.0626,-0.8184,21.5,50.8605,21.855,41000000000,1.9615,1.0,0.1816,0.1444,1.8766
36,20230930,12,0.0619,-0.803,0.7,0.756,0.3348,-41771000000,0.0592,1.0025,0.2021,0.1598,1.9627
37,20230331,13,0.1311,1.0068,1.1636,0.2936,0.1579,15301000000,-0.0034,0.1073,0.01,-0.0237,0.9815
38,20230630,13,0.1457,1.0073,1.1666,0.284,0.1495,15336000000,0.0312,0.0982,-0.005,-0.0075,0.5749
39,20230930,13,0.1346,1.0462,1.1491,0.2759,0.1437,13873000000,0.0002,0.0644,-0.0446,-0.0904,-0.5789
40,20230331,14,0.0084,0.5199,11.3777,11.3777,9.7282,587005000000,-0.1998,0.518,0.868,0.3108,1.6398
41,20230630,14,0.008,0.533,14.6373,14.6373,12.5192,559362000000,0.2873,0.508,1.041,0.294,1.4696
42,20230930,14,0.008,-0.1922,15.2636,15.2636,13.0692,573341000000,0.0001,0.5138,0.3217,0.31,0.4206
43,20230331,15,0.0103,-0.4483,6.1376,8.147,8.1037,116100000000,0.0793,0.8686,0.2889,0.2281,0.4442
44,20230630,15,0.0102,-0.6865,6.5408,8.603,8.5573,116823000000,0.0544,0.9931,0.3066,0.2447,0.3276
45,20230930,15,0.0103,-0.6949,7.2509,9.6394,9.5739,109022000000,0.289,0.9932,0.2983,0.2421,0.2874
46,20230331,16,0.1494,0.8806,1.5928,1.4948,1.3098,6562000000,0.261,1.0,0.1191,0.0704,3.3969
47,20230630,16,0.211,0.6935,1.5503,1.446,1.2212,6868000000,0.1392,1.0,0.3063,0.2362,7.6058
48,20230930,16,0.2813,0.577,1.4401,1.3533,1.0846,5647000000,0.1069,1.0,0.4227,0.3421,12.8819
49,20230331,17,0.0355,0.6613,13.262,7.7971,4.7709,14506000000,-0.3331,0.4704,0.3389,0.2727,26.4407
50,20230630,17,0.0366,0.6375,14.231,9.2042,5.9118,15295000000,0.8521,0.4867,0.3619,0.3061,25.2754
51,20230930,17,0.0357,0.6451,6.2933,6.2933,4.1101,9422000000,0.0,0.4913,0.354,0.3261,31.28
52,20230331,18,0.1186,0.7855,1.4192,1.1881,0.4857,8001000000,0.1556,0.7737,0.2505,0.1995,17.6944
53,20230630,18,0.1196,0.8307,1.3933,1.1806,0.4333,7924000000,0.0936,0.7438,0.3704,0.1847,22.7482
54,20230930,18,0.1187,0.6156,1.1777,0.9945,0.3276,4170000000,0.2025,0.7715,0.3844,0.1758,23.75
55,20230331,19,0.1235,0.6275,1.4739,1.2872,0.9182,67410000000,0.0611,1.0,0.3725,0.2955,39.2471
56,20230630,19,0.1232,0.6382,1.519,1.342,0.9937,76972000000,0.0838,1.0,0.3618,0.286,38.8559
57,20230930,19,0.0615,1.2715,27.8139,27.8139,20.8294,202418000000,1.8107,0.5105,0.198,-0.2013,12.5135
58,20230331,20,0.0084,0.6513,5.3461,5.3461,4.8714,508042000000,-0.2608,0.4692,1.0327,0.2257,1.3824
59,20230630,20,0.008,0.7292,5.4167,5.4167,4.8628,485229000000,-0.4921,0.4393,1.1685,0.1499,1.2136
60,20230930,20,0.0084,-0.2215,4.7527,4.7527,4.1928,443722000000,0.1336,0.4573,0.2358,0.1761,0.2804
61,20230331,21,0.1916,0.8278,1.434,0.7895,0.2132,13818000000,0.0494,0.3494,0.1722,0.1225,25.5426
62,20230630,21,0.2049,0.7891,1.3309,0.7388,0.2092,11686000000,0.092,0.3469,0.2109,0.1687,33.0236
63,20230930,21,0.1952,0.7948,1.4493,0.7634,0.1976,14881000000,0.1226,0.3538,0.2052,0.1662,30.8062
64,20230331,22,0.0944,0.7857,0.3322,0.2765,0.0436,-8175000000,0.2714,0.3766,0.2143,0.0748,3.9747
65,20230630,22,0.094,1.0042,0.3281,0.2791,0.0399,-8046000000,0.2765,0.392,-0.0042,0.0895,-1.6287
66,20230930,22,0.0929,0.7699,0.326,0.2775,0.0452,-8509000000,0.3124,0.3891,0.2301,0.0924,-4.0245
67,20230331,23,0.299,0.8094,1.2411,2.3208,1.9598,1062000000,0.1669,0.5686,0.1906,0.078,19.2037
68,20230630,23,0.2977,0.7887,1.1738,0.5343,0.1768,805000000,0.1559,0.578,0.202,0.1041,19.2931
69,20230930,23,0.3046,0.7854,1.1641,0.5493,0.2066,755000000,0.2503,0.5854,0.2094,0.144,20.2241
70,20230331,24,0.1149,0.8098,0.6903,0.5498,0.1708,-10038000000,0.223,0.6967,0.1902,0.1291,9.9366
71,20230630,24,0.117,0.7801,0.7569,0.5967,0.2025,-8003000000,0.2186,0.71,0.2199,0.1392,10.2675
72,20230930,24,0.1151,0.785,0.7004,0.5498,0.1774,-10327000000,0.2365,0.7127,0.215,0.1344,9.4028
73,20230331,25,0.0192,0.4547,210.4477,210.4477,206.8245,130067000000,4.818,1.0,0.4191,0.1078,1.4583
74,20230630,25,0.0192,-0.4695,192.0016,192.0016,188.3956,121668000000,5.2653,1.0,0.5305,0.1588,1.5732
75,20230930,25,0.0199,-0.7628,178.3577,178.3577,174.7533,121490000000,5.04165,1.0,0.2372,0.1911,0.651
76,20230331,26,0.1599,0.7246,1.395,1.2036,0.7452,4563000000,0.4677,0.3343,0.3161,0.1972,25.875
77,20230630,26,0.1364,0.7539,1.414,1.1883,0.7138,3953000000,0.4036,0.3108,0.5167,0.1807,33.9757
78,20230930,26,0.1555,0.7319,1.6619,1.4623,0.9137,6843000000,0.5267,0.324,0.5142,0.1964,36.1527
79,20230331,27,0.8318,0.9656,1.0558,0.505,0.4215,1814000000,0.0982,0.1238,0.0344,0.0265,69.7941
80,20230630,27,0.8031,0.9687,1.0814,0.5112,0.4323,2581000000,0.0486,0.1207,0.0313,0.0243,59.75
81,20230930,27,1.163,0.9648,1.0684,0.5217,0.4536,2296000000,0.1109,0.1231,0.0352,0.0274,61.9464
82,20230331,28,0.0879,0.8587,1.0195,0.8985,0.4831,504000000,0.1077,0.7495,0.2776,-0.0117,0.0
83,20230630,28,0.0857,0.8638,1.0164,0.8605,0.6463,355000000,0.2077,0.7423,0.2395,0.0241,0.0
84,20230930,28,0.0925,0.8227,1.016,0.8554,0.5959,333000000,0.0388,0.7544,0.1716,0.1473,0.0
85,20230331,29,0.1439,0.7399,1.4133,1.1322,0.8095,11263000000,0.1739,0.62,0.2422,0.204,39.2804
86,20230630,29,0.1507,0.7232,1.3911,1.1071,0.8109,11231000000,0.1817,0.6336,0.2708,0.2204,42.2385
87,20230930,29,0.1525,0.7069,1.3845,1.1291,0.8351,12039000000,0.1906,0.6412,0.2797,0.2603,42.1171
88,20230331,30,0.3647,0.9555,0.9154,0.6136,0.2361,-6348000000,0.0991,0.1568,0.0404,0.025,8.18
89,20230630,30,0.3634,0.9581,0.8554,0.5862,0.2132,-11450000000,0.0746,0.153,0.0364,0.0214,6.3236
90,20230930,30,0.3581,1.6782,0.8601,0.6022,0.1985,-11410000000,0.0333,-0.5681,0.0411,0.0252,6.9509
91,20230331,31,0.1902,0.8427,1.4333,1.0321,0.4683,14616000000,0.2136,0.3257,0.1972,0.1346,83.8043
92,20230630,31,0.186,0.8671,1.4336,0.9681,0.322,12943000000,0.211,0.3116,0.1685,0.1273,66.3375
93,20230930,31,0.2014,0.8711,0.4396,0.8397,0.1785,-18642000000,0.0003,0.2999,0.1705,0.1257,77.6842
94,20230331,32,0.1393,0.7651,2.0702,1.757,0.1504,34355000000,-0.0388,0.3729,0.2349,0.1548,7.2359
95,20230630,32,0.1831,0.746,1.9625,1.7014,0.1646,35809000000,0.0295,0.3829,0.254,0.1645,8.6432
96,20230930,32,0.154,0.7448,1.9822,1.743,0.1897,38394000000,0.0778,0.3806,0.2722,0.1917,7.6421
97,20230331,33,0.0846,0.7497,1.8937,1.3393,0.8452,7802000000,0.223,0.6097,0.2503,0.2023,35.3088
98,20230630,33,0.0842,0.8003,2.0777,1.52,1.0203,9057000000,0.2292,0.5646,0.1253,0.1545,21.7761
99,20230930,33,0.0796,0.7908,2.2638,1.7592,1.3107,11838000000,0.1785,0.582,0.2092,0.1643,27.2877
100,20230331,34,0.1072,1.1214,1.0074,0.8258,0.3707,207000000,0.1153,0.1043,0.119,0.0583,12.1335
101,20230630,34,0.1093,1.1154,1.0687,0.8702,0.4058,1940000000,0.0992,0.1183,-0.0069,-0.0206,2.3678
102,20230930,34,0.1038,0.9229,1.0522,0.8514,0.4554,1624000000,0.1542,0.0981,0.1191,0.0124,7.8603
103,20230331,35,0.1977,0.9579,1.8454,1.121,0.3762,8867000000,0.051,0.1031,0.0511,-0.0062,6.7784
104,20230630,35,0.1942,0.9255,1.9224,1.2932,0.4995,8900000000,0.1396,0.1353,0.0623,0.0425,7.907
105,20230930,35,0.1841,0.9553,1.7855,1.2008,0.4805,8050000000,0.1618,0.1061,0.0933,0.0281,8.6354
106,20230331,36,0.0408,0.7698,0.7689,0.2573,0.0282,-3701000000,0.0926,0.4523,0.2301,0.1105,4.2681
107,20230630,36,0.0367,0.7873,0.7533,-0.3085,-0.5288,-4287000000,0.1325,0.469,0.2174,-0.0334,3.8006
108,20230930,36,0.0443,1.0657,0.7604,-0.2824,-0.5199,-4112000000,0.2054,0.6713,0.2641,0.1566,4.4755
109,20230331,37,0.1038,0.8107,1.1902,0.5797,0.271,1436000000,0.009,0.4795,0.1893,0.1345,18.3774
110,20230630,37,0.0983,0.8041,2.3828,1.8821,1.5054,9146000000,0.12,0.5053,0.1528,2.37,86.0
111,20230930,37,0.0941,0.8372,2.7462,2.1004,1.6,8787000000,-0.1278,0.4919,0.1704,0.1819,17.9259
112,20230331,38,0.0579,0.8012,0.9611,0.4796,0.0645,-315000000,0.0598,0.4172,0.1988,0.1203,5.0364
113,20230630,38,0.0494,0.8539,0.9504,0.4321,0.0503,-394000000,0.1609,0.3931,0.1461,0.0712,3.6792
114,20230930,38,0.0606,0.8122,0.8544,0.4107,0.0341,-1281000000,0.174,0.4007,0.1878,0.1171,4.6041
115,20230331,39,0.1618,0.9491,1.2004,0.9883,0.412,19218000000,0.0292,0.1114,0.0509,0.0424,13.2917
116,20230630,39,0.172,0.8947,1.2049,0.9886,0.4239,20697000000,0.0498,0.1665,0.0547,0.0426,1.5737
117,20230930,39,0.164,0.9182,1.2104,0.9855,0.4101,21093000000,0.0458,0.1428,0.0258,0.0274,0.982
118,20230331,40,0.2587,0.9474,1.3214,1.1851,0.3957,4364000000,0.1676,0.2064,0.0116,0.0348,-1.6837
119,20230630,40,0.2537,0.921,1.3707,1.2551,0.5034,5024000000,0.2519,0.2391,0.0685,0.0701,-18.1796
120,20230930,40,0.2482,0.9267,1.3675,1.2499,0.5108,5076000000,0.1615,0.2174,0.0685,0.0497,-9.931650000000001
121,20230331,41,0.2002,1.7508,1.3942,0.8475,0.1316,6104000000,0.0944,0.1542,0.0949,0.0739,20.069
122,20230630,41,0.2002,1.7508,1.3942,0.8475,0.1316,6104000000,0.0944,0.1542,0.0949,0.0739,20.069
123,20230930,41,0.2002,1.7432,1.4271,0.8105,0.0847,6817000000,0.0828,0.1568,0.1,0.0791,20.069
124,20230331,42,0.082,0.9656,1.2513,0.8566,0.5151,12108000000,-0.0054,0.2593,0.073,0.5182,5.8178
125,20230630,42,0.102,0.9582,1.2516,0.8409,0.4916,12103000000,0.0099,0.2597,0.0328,0.1032,3.9625
126,20230930,42,0.1085,0.9439,1.1717,0.7599,0.419,8270000000,0.0378,0.2561,0.0093,0.0149,2.4056
127,20230331,43,0.1016,0.656,1.3651,0.9531,0.5578,3844000000,0.1657,0.7794,0.2684,0.159,8.7435
128,20230630,43,0.1063,0.7119,1.1036,1.2843,0.9815,1447000000,0.1674,0.7815,0.2523,0.1584,8.9304
129,20230930,43,0.1131,0.6152,1.3406,0.9756,0.5746,4068000000,0.147,0.778,0.3721,0.3092,11.3836
130,20230331,44,0.1506,0.9355,1.0959,0.8227,0.3128,8647000000,0.0342,0.1282,0.0645,0.0599,24.8761
131,20230630,44,0.1649,0.9377,1.1519,0.8751,0.3519,14086000000,0.0819,0.1195,0.0623,0.0573,27.385
132,20230930,44,0.1583,0.9317,1.1436,0.8781,0.3602,13901000000,0.0681,0.1878,0.0683,0.0694,2.0474
133,20230331,45,0.19,0.7505,2.3526,2.1951,1.6717,93131000000,0.3414,0.5614,0.2495,0.2157,269.9625
134,20230630,45,0.1983,0.7073,2.1721,2.0221,1.5228,91079000000,0.3689,0.5722,0.2927,0.2462,607.4419
135,20230930,45,0.1967,0.7217,2.0431,1.8652,1.3898,90015000000,0.3552,0.5667,0.2783,0.2567,216.75
136,20230331,46,0.19,0.7505,2.3526,2.1951,1.6717,93131000000,0.3414,0.5614,0.2495,0.2157,269.9625
137,20230630,46,0.1983,0.7073,2.1721,2.0221,1.5228,91079000000,0.3689,0.5722,0.2927,0.2462,607.4419
138,20230930,46,0.1967,0.7217,2.0431,1.8652,1.3898,90015000000,0.3552,0.5667,0.2783,0.2567,216.75
139,20230331,47,0.0082,0.6873,1.1299,2.3807,1.9426,43000000000,0.0284,0.6437,1.403,0.2646,1.3502
140,20230630,47,0.007,-0.4853,1.3049,1.3966,0.9179,100000000000,0.0973,0.6446,0.1593,0.1116,0.1545
141,20230930,47,0.0075,-0.3898,1.1796,1.3047,0.8682,58000000000,-0.0791,0.623,0.2332,0.1742,0.2037
142,20230331,48,0.4674,0.8674,1.4051,0.2628,0.1193,9361000000,0.1988,0.3328,0.1326,0.0938,12.3149
143,20230630,48,0.4876,0.851,1.2742,0.2151,0.0495,6977000000,0.2206,0.337,0.149,0.104,13.4536
144,20230930,48,0.5618,0.8465,1.3138,0.2745,0.1162,7603000000,0.2721,0.3299,0.1535,0.1086,15.7441
145,20230331,49,0.1451,0.8091,1.2578,0.8439,0.4046,4614000000,-0.0438,0.3797,0.2202,0.1573,13.1471
146,20230630,49,0.1497,0.7941,1.4081,0.9761,0.5106,7009000000,0.0792,0.3849,0.1626,0.1626,9.4706
147,20230930,49,0.149,0.7909,1.3537,0.9152,0.4606,6093000000,0.105,0.3845,0.2091,0.1644,10.8447
148,20230331,50,0.1093,0.9171,1.161,0.9881,0.5612,4989000000,0.1218,0.5269,0.1,0.065,6.8093
149,20230630,50,0.1164,0.8603,1.0598,0.8993,0.5013,1945000000,0.0811,0.5493,0.1566,0.1023,8.2719
150,20230930,50,0.1128,0.8596,0.9052,0.7441,0.3587,-2901000000,0.0998,0.5439,0.1162,0.1155,6.8131
151,20230331,51,0.0638,1.1198,1.7637,1.1456,1.0051,20921000000,-0.0652,0.3421,-0.1288,-0.2363,4.4404
152,20230630,51,0.0698,1.063,1.5951,1.0027,0.8925,16176000000,0.1033,0.3582,-0.0785,0.1144,5.8879
153,20230930,51,0.0756,0.9429,1.5311,0.9741,0.8747,15197000000,0.2035,0.4251,-0.0006,0.021,11.9559
154,20230331,52,0.118,0.7332,1.0665,0.6785,0.4077,4015000000,0.0539,0.6608,0.2676,-0.0027,39.5395
155,20230630,52,0.118,0.7332,1.0665,0.6785,0.4077,4015000000,0.0539,0.6608,0.2676,-0.0027,39.5395
156,20230930,52,0.118,0.7238,1.2103,0.8634,0.5299,9333000000,0.1688,0.6906,0.2933,1.2191,42.1406
157,20230331,53,0.0104,-0.4383,2.8925,2.8925,2.3423,600520000000,-0.3506,0.914,0.8412,0.3291,0.9537
158,20230630,53,0.0109,-0.0126,2.6655,2.6655,2.1295,546207000000,0.0575,0.9192,0.9067,0.3504,1.9108
159,20230930,53,0.0103,-0.4905,2.6762,2.6762,2.099,565770000000,0.1337,0.9101,0.4196,0.3298,0.7665
160,20230331,54,0.0715,0.8084,0.9176,0.3476,0.0922,-738000000,0.0543,0.3256,0.1916,0.1288,6.5991
161,20230630,54,0.0739,0.7953,0.9534,0.3797,0.1129,-391000000,0.1309,0.3364,0.2047,0.1488,6.9825
162,20230930,54,0.0728,0.7998,1.0044,0.4043,0.1348,34000000,0.1328,0.3402,0.0994,0.0399,4.0658
163,20230331,55,0.1155,0.7393,1.1508,0.8089,0.612,3523000000,0.0069,0.6068,0.3066,0.283,9.8199
164,20230630,55,0.1223,0.7994,1.1441,0.8154,0.6508,3476000000,0.1853,0.5897,0.2006,0.2127,7.1711
165,20230930,55,0.1219,0.6964,1.1417,0.7755,0.6323,3458000000,0.1762,0.6104,0.2736,0.2583,9.6739
166,20230331,56,0.1024,0.7613,0.7256,0.5561,0.279,-4881000000,0.1073,0.4592,0.2359,0.185,79.0811
167,20230630,56,0.1032,0.7489,0.7842,0.5712,0.2307,-3141000000,0.1477,0.4739,0.2451,0.192,57.1346
168,20230930,56,0.1042,0.7501,0.8288,0.6169,0.275,-2425000000,0.1779,0.471,0.2516,0.1919,75.275
169,20230331,57,0.1356,0.7703,1.2999,0.7927,0.2292,4801400000,0.1081,0.7663,0.2147,0.1932,16.5759
170,20230630,57,0.154,0.7326,1.1278,0.6344,0.1496,2416600000,0.0334,0.7826,0.2557,0.2121,20.7149
171,20230930,57,0.1685,0.6394,1.0459,0.5845,0.1134,1008800000,0.0,0.8042,0.0474,-0.006,18.645400000000002
172,20230331,58,0.2814,0.8653,1.304,1.0724,0.1437,5162000000,0.0921,0.1353,0.1347,0.1117,11.6931
173,20230630,58,0.2992,0.8721,1.3605,1.1358,0.2075,6383000000,0.0621,0.1252,0.1279,0.1007,11.0717
174,20230930,58,0.297,0.879,1.3565,1.1377,0.2065,6129000000,0.1681,0.1213,0.121,0.0998,-10.0928
175,20230331,59,0.495,0.9241,1.099,0.0888,0.0888,1931000000,0.0231,0.3233,0.0759,0.0426,6.457
176,20230630,59,0.4987,0.8529,1.2451,0.1756,0.1756,4708000000,0.1096,0.3368,0.1471,0.1011,10.7536
177,20230930,59,0.5519,0.8443,1.2625,0.2196,0.2196,4624000000,0.2193,0.3366,0.1557,0.1071,11.6011
178,20230331,60,0.148,0.6658,1.2028,0.7676,0.5104,2769000000,0.1406,0.7519,0.5456,0.4108,26.8485
179,20230630,60,0.1609,0.6521,1.1294,0.7022,0.4451,1894000000,0.1843,0.7615,0.5832,0.4538,26.7222
180,20230930,60,0.1661,0.6524,1.1697,0.7863,0.516,2464000000,0.2227,0.7592,0.5884,0.4895,26.8543
181,20230331,61,0.1151,0.5706,1.4701,1.2506,0.8018,2174000000,0.5234,0.5618,0.4294,0.3056,7.9821
182,20230630,61,0.1268,0.5223,1.3462,1.0396,0.4425,1271700000,0.4555,0.5742,0.4777,0.3556,9.689
183,20230930,61,0.1305,0.5206,1.7113,1.4349,0.8735,2847300000,0.018,0.5773,0.4794,0.3462,9.7006
184,20230331,62,0.1274,0.8307,0.6838,0.3361,0.1034,-5860000000,0.0606,0.376,0.1642,0.171,19.7263
185,20230630,62,0.1175,0.8298,0.6456,0.2926,0.0823,-6380000000,0.0472,0.3943,0.1675,0.111,11.8276
186,20230930,62,0.1264,0.8366,0.6081,0.3116,0.085,-7421000000,0.0622,0.387,0.1527,0.109,25.5758
187,20230331,63,0.0825,0.8151,1.7587,1.1804,0.7722,10942000000,0.1091,0.652,0.1801,0.1581,13.5269
188,20230630,63,0.0923,0.7859,2.3948,1.542,0.8794,12624000000,0.2718,0.6512,0.1832,0.138,14.3369
189,20230930,63,0.0848,0.823,2.4173,1.5123,0.8706,12822000000,0.0967,0.6588,0.1646,0.1027,13.1081
190,20230331,64,0.023,-0.9674,1935.631,1935.631,1824.369,325018000000,12.0595,1.0,0.0326,0.0052,1.9882
191,20230630,64,0.0246,-1.0119,1624.57,1624.57,1530.975,324714000000,15.19,1.0,-0.0119,0.0242,-0.7695
192,20230930,64,0.0239,-1.0049,1299.5182,1415.4227,1329.05,285674000000,13.624749999999999,1.0,-0.0049,0.0308,-0.2943
193,20230331,65,0.1547,0.7477,2.0678,1.9102,1.4751,27102000000,0.5515,0.7868,0.2523,0.1993,177.2909
194,20230630,65,0.1636,0.7065,2.3248,2.2044,1.7862,39639000000,0.5785,0.8142,0.2935,0.2434,103.5776
195,20230930,65,0.1615,0.5974,2.5672,2.426,2.002,47847000000,0.6682,0.8181,0.4026,0.3392,119.4748
196,20230331,66,0.1721,0.8455,1.4175,0.8154,0.376,4407000000,0.1208,0.4256,0.1545,0.1215,13.878
197,20230630,66,0.1739,2.076,1.4406,0.8468,0.3945,4818000000,0.138,0.4467,-1.076,-0.8217,-59.0903
198,20230930,66,0.1688,1.3236,1.0473,0.6508,0.3371,732000000,0.1235,0.449,-0.3193,-0.2496,-6.9704
199,20230331,67,0.1291,0.4212,0.782,0.6187,0.4278,-1994000000,0.3263,0.6989,0.5788,0.3752,11.9039
200,20230630,67,0.147,0.4658,0.3719,0.2323,0.0749,-7326000000,0.0106,0.6909,0.5342,0.3893,11.5447
201,20230930,67,0.1706,0.5082,0.3266,0.1481,0.1481,-6991000000,0.2844,0.5889,0.4918,0.3448,11.511
202,20230331,68,0.1335,0.7373,1.444,0.8993,0.4491,10271000000,0.0579,0.729,0.1989,0.1947,17.0617
203,20230630,68,0.1417,1.3334,1.2814,0.7441,0.2726,6583000000,0.1583,0.7324,-0.3233,-0.3974,-14.2888
204,20230930,68,0.1583,0.6321,1.3836,0.83,0.3799,8860000000,0.0,0.7329,0.3758,0.2973,1.386449999999999
205,20230331,69,0.0115,1.3261,0.0032,0.7742,0.4468,-225549000000,-0.0436,0.4456,0.2283,0.2185,0.5045
206,20230630,69,0.0106,1.4293,0.4725,0.7714,0.4296,-117214000000,-0.0435,0.4039,0.1667,0.1734,0.3009
207,20230930,69,0.0106,-0.1731,0.23784999999999998,0.7727999999999999,0.4382,108401000000,-0.04355,0.4242,0.2511,0.1939,0.2752
208,20230331,70,0.142,0.5756,1.9126,1.6553,1.2186,78198000000,0.2852,0.6949,0.4229,0.3462,52.2198
209,20230630,70,0.1419,0.5673,1.7692,1.5358,1.0683,80108000000,0.2762,0.6984,0.4108,0.3574,55.1784
210,20230930,70,0.1318,0.5284,1.6635,1.4496,1.1535,82794000000,0.2451,0.7116,0.4759,0.3944,58.6971
211,20230331,71,0.0414,0.557,0.5339,0.2446,0.0896,-11828000000,0.0659,0.6376,0.4381,0.3106,3.5156
212,20230630,71,0.0441,0.6199,0.5276,0.2481,0.0634,-11749000000,0.1241,0.6617,0.3809,0.3803,34.1926
213,20230930,71,0.0422,0.745,0.4999,0.2291,0.055,-14252000000,0.1286,0.6166,0.256,0.17,148.5385
214,20230331,72,0.1664,0.79,1.2605,1.0646,0.9413,2166553000,0.262,0.4114,0.21,0.1599,21.4495
215,20230630,72,0.1632,0.7768,1.3263,4.7371,0.9886,2830531000,0.166,0.4292,0.2232,0.1817,30.6246
216,20230930,72,0.1703,0.7756,1.2927,1.0802,0.9435,2440756000,0.2389,0.4227,0.2244,0.1964,31.7858
217,20230331,73,0.3179,0.886,2.7267,1.604,1.1313,16487000000,0.2336,0.4335,0.1023,0.1001,-21.7231
218,20230630,73,0.3383,0.9048,2.7228,1.5996,1.1533,15946000000,0.2434,0.4363,0.0768,0.0804,-48.84
219,20230930,73,0.3482,0.876,2.8661,1.6002,1.0389,15789000000,-0.0078,0.4421,0.124,0.1121,-52.6471
220,20230331,74,0.1482,0.7923,3.5156,2.609,2.0259,16510000000,0.3427,0.6334,0.2077,0.2337,27.3846
221,20230630,74,0.168,0.7024,3.4274,2.6722,2.1102,17623000000,0.401,0.6463,0.2976,0.2841,40.2879
222,20230930,74,0.2873,0.4966,2.7866,2.2343,1.5505,18463000000,0.6143,0.7005,0.5034,0.4581,110.2308
223,20230331,75,0.0953,0.7233,0.8171,0.6548,0.3833,-4184000000,0.1868,0.7226,0.2629,0.1528,5.075
224,20230630,75,0.104,0.6876,0.9097,0.7407,0.4412,-2086000000,0.2446,0.7304,0.2992,0.2399,6.8366
225,20230930,75,0.0919,0.7234,0.8742,0.7336,0.4765,-3191000000,0.275,0.7101,0.2647,0.1943,5.4713
226,20230331,76,0.1927,0.8527,0.868,0.6066,0.2014,-3410000000,-0.0152,0.5524,0.1473,0.1083,16.98
227,20230630,76,0.2363,0.8361,0.8425,0.6047,0.2179,-4664000000,0.0814,0.5466,0.1639,0.1231,22.5323
228,20230930,76,0.2395,0.8286,0.8772,0.6756,0.3148,-4011000000,0.1718,0.5448,0.1712,0.1318,24.1592
229,20230331,77,0.0636,0.6516,1.3697,0.9687,0.5463,13516000000,0.0331,0.7327,0.3989,0.3032,26.4025
230,20230630,77,0.0636,0.6516,1.3697,0.9687,0.5463,13516000000,0.0331,0.7327,0.3989,0.3032,26.4025
231,20230930,77,0.0636,1.2424,2.117,1.6801,1.2926,38700000000,-0.0349,0.2995,-0.1498,-0.18,-1.1554
232,20230331,78,0.1689,0.7883,0.5865,0.3436,0.1997,-15725000000,0.1016,0.4816,0.2117,0.1693,23.4324
233,20230630,78,0.1708,0.7975,0.6334,0.3836,0.2306,-13108000000,0.1494,0.4836,0.2025,0.1646,20.2833
234,20230930,78,0.1797,0.7364,0.6712,0.4292,0.2619,-12218000000,0.132,0.5199,0.2637,0.2067,28.7511
235,20230331,79,0.1296,0.6622,0.8515,0.3057,0.1056,-3414000000,-0.0415,0.6211,0.3406,0.2488,11.7783
236,20230630,79,0.1447,0.7145,0.8533,0.3658,0.1502,-3409000000,0.1481,0.64,0.2862,0.1749,8.6195
237,20230930,79,0.1465,0.6322,0.8908,0.3623,0.14,-2354000000,0.1585,0.6538,0.3687,0.2247,14.5556
238,20230331,80,0.0903,0.8348,1.2881,1.2386,0.2425,12651000000,0.0266,0.4709,0.1419,0.1129,17.7816
239,20230630,80,0.096,0.8412,1.2963,1.2433,0.2369,12371000000,-0.0048,0.4594,0.1555,0.1412,16.1149
240,20230930,80,0.0982,0.8373,1.3037,1.2024,0.2657,13193000000,0.029,0.4542,0.1575,0.1375,16.7209
241,20230331,81,0.1886,0.7747,2.4247,1.318,0.8487,11207000000,0.1852,0.5522,0.2253,0.1837,14.3017
242,20230630,81,0.1736,0.7848,2.4195,1.4748,1.0199,12013000000,0.314,0.5513,0.2157,0.2133,13.3837
243,20230930,81,0.1725,0.8365,2.3332,1.5068,1.1762,12836000000,0.4248,0.5505,0.1635,0.1725,10.7644
244,20230331,82,0.1074,0.904,1.134,0.715,0.1469,5376000000,-0.0215,0.2073,0.096,0.0828,9.9365
245,20230630,82,0.1131,0.9204,1.0995,0.6768,0.1291,4155000000,0.0172,0.2073,0.0796,0.0725,8.8559
246,20230930,82,0.083,1.1037,1.0337,0.6269,0.1212,1516000000,0.0737,0.053,-0.1037,-0.0731,-0.8726
247,20230331,83,0.3229,0.8631,0.7725,0.5083,0.3783,-2075600000,0.0842,0.2617,0.1522,0.1042,11.9604
248,20230630,83,0.3229,0.8631,0.7725,0.5083,0.3783,-2075600000,0.0842,0.2617,0.1522,0.1042,11.9604
249,20230930,83,0.3229,0.8307,0.7815,0.5497,0.423,-2041900000,0.2081,0.2901,0.182,0.1301,14.544
250,20230331,84,0.0094,0.6476,20.278,35.8765,26.9405,136315000000,1.3827,0.571,0.656,0.3133,2.9438
251,20230630,84,0.0089,0.2017,17.609,30.4664,22.1453,130065000000,-0.6661,0.5513,0.753,0.2779,2.1107
252,20230930,84,0.0179,0.7759,7.6701,719.6495,7.6701,647000000,0.0,0.4898,-0.2903,0.2442,-0.5609
253,20230331,85,0.0481,0.8185,0.6878,0.3205,0.0758,-4338000000,0.0608,0.4137,0.188,0.133,4.4742
254,20230630,85,0.0423,0.7756,0.8292,0.4433,0.1603,-2261000000,0.1553,0.477,0.2244,0.1458,4.0869
255,20230930,85,0.0507,0.6977,0.8391,0.4302,0.1268,-2126000000,0.2149,0.5378,0.3023,0.2037,5.4403
256,20230331,86,0.0407,0.5094,0.6329,0.6329,0.3779,-1122629000,0.271,0.8186,0.4906,0.3351,4.9726
257,20230630,86,0.0414,0.5196,0.4779,0.4779,0.254,-1721058000,0.3426,0.8152,0.4804,0.3557,4.482
258,20230930,86,0.0429,0.508,0.4506,0.4506,0.227,-1861212000,0.294,0.8214,0.492,0.0,-4.757
259,20230331,87,0.075,0.8009,0.5142,0.2242,0.0485,-28247000000,0.1148,0.5909,0.1991,0.1403,7.0878
260,20230630,87,0.0739,0.7859,0.6771,0.3477,0.1759,-17487000000,0.1832,0.6047,0.2141,0.15,6.8912
261,20230930,87,0.0745,0.7896,0.6892,0.3193,0.1459,-16064000000,0.2,0.6028,0.1905,0.1152,6.3099
262,20230331,88,0.5763,0.9631,0.9152,0.2701,0.1832,-1654000000,0.1777,0.2373,0.0369,0.0279,14.4806
263,20230630,88,0.4801,0.9476,0.8828,0.0739,0.0739,-2094000000,0.0708,0.2739,0.0524,0.0375,13.7279
264,20230930,88,0.4703,0.9517,0.8327,0.1219,0.1219,-3234000000,0.1103,0.2816,0.0483,0.0337,13.3333
265,20230331,89,0.1116,0.8436,1.2723,0.718,0.2192,4325000000,0.0459,0.399,0.1459,0.1204,8.78
266,20230630,89,0.1132,0.8352,1.4169,0.7902,0.222,5883000000,0.1091,0.4083,0.1477,0.1274,7.4632
267,20230930,89,0.1106,0.8158,1.631,1.0256,0.4345,8934000000,0.1705,0.4189,0.1763,0.1622,7.5682
268,20230331,90,0.0932,0.8291,0.7916,0.5837,0.1904,-4970000000,0.1699,0.6104,0.173,0.0988,7.8647
269,20230630,90,0.0912,0.8015,0.8237,0.652,0.2705,-4332000000,0.1773,0.6351,0.1976,0.1157,8.0174
270,20230930,90,0.0919,0.8132,0.8599,0.6448,0.2317,-3042000000,0.2438,0.6294,0.1868,0.1113,8.5861
271,20230331,91,0.2758,0.8858,1.5672,0.9256,0.8165,15561000000,0.0916,0.1934,0.1142,0.1077,133.6207
272,20230630,91,0.281,0.9038,1.5901,0.9612,0.8363,16283000000,0.1111,0.1819,0.0962,0.1084,147.1071
273,20230930,91,0.2531,0.9245,1.6902,1.0735,0.9789,18386000000,0.1242,0.1789,0.0755,0.0794,78.9211
274,20230331,92,0.1552,0.5583,5.1732,3.9332,3.2868,12119000000,0.3994,0.6538,0.4417,0.39,33.75
275,20230630,92,0.1506,0.5648,5.7226,4.2449,3.5234,12803000000,0.516,0.6422,0.4352,0.38,26.8652
276,20230930,92,0.1448,0.5825,5.6927,4.1192,3.3741,12445000000,0.7304,0.6211,0.4175,0.3771,22.5714
277,20230331,93,0.3443,0.92,0.8061,0.9908,0.7984,-22587000000,0.1402,0.2401,0.0887,0.0616,10.9523
278,20230630,93,0.3256,0.9244,0.7954,0.9781,0.8192,-23112000000,0.0976,0.2372,0.0878,0.0596,9.6171
279,20230930,93,0.3286,0.9077,0.8049,0.5673,0.3862,-22274000000,0.0604,0.2532,0.0923,0.0632,11.4305
280,20230331,94,0.0922,0.6212,0.6536,0.4886,0.1738,-2151000000,0.2963,0.4377,0.3788,0.2692,9.0774
281,20230630,94,0.0903,0.6304,0.7148,0.506,0.1581,-1497000000,0.3845,0.4285,0.3696,0.2631,8.2035
282,20230930,94,0.0896,0.6336,0.7189,0.509,0.1444,-1491000000,0.4008,0.4301,0.3664,0.2572,8.2545
283,20230331,95,0.3199,1.7783,1.3359,1.2112,0.5779,5463000000,0.1449,0.1108,0.1108,0.0827,18.3032
284,20230630,95,0.3095,0.9577,1.3236,1.1896,0.5368,4753000000,0.2204,0.126,0.126,0.0944,18.8901
285,20230930,95,0.2995,0.9331,1.2171,1.0583,0.4601,3434000000,0.1412,0.2099,0.0798,0.0535,-17.8582
286,20230331,96,0.0105,-0.3722,2.3335,2.4997,2.3335,75844000000,0.0148,1.0,0.6278,0.2378,1.9927
287,20230630,96,0.0105,-0.3203,4.3256,4.6051,4.3256,107529000000,0.1026,1.0,0.6797,0.1906,1.6114
288,20230930,96,0.0104,-0.7209,6.0074,6.0074,6.0074,109661000000,0.0,1.0,0.2791,0.2176,0.6012
289,20230331,97,0.0928,0.3317,1.5006,1.0817,0.8689,9560000000,0.2021,0.7879,0.6683,0.5331,39.2254
290,20230630,97,0.0923,0.3252,1.4918,1.1065,0.8835,10440000000,0.2731,0.7953,0.6185,0.5116,31.4066
291,20230930,97,0.0958,0.5522,1.4517,1.0651,0.8714,10434000000,0.2999,0.8031,0.6447,0.5437,-31.6776
292,20230331,98,0.0869,0.7696,0.7478,0.5252,0.0468,-12046000000,0.1735,0.5897,0.2304,0.1492,9.9627
293,20230630,98,0.086,0.7785,0.7273,0.5445,0.0934,-14016000000,0.1893,0.6084,0.2215,0.1426,9.1486
294,20230930,98,0.0872,0.7758,0.6846,0.4995,0.0756,-17558000000,0.1936,0.5969,0.2242,0.1428,8.307
295,20230331,99,0.011,0.0992,3.9707,3.9707,3.7877,240647000000,0.0914,0.9082,0.5029,0.2408,1.9895
296,20230630,99,0.0109,-0.2473,3.619,3.619,3.437,220663000000,-0.009,0.9081,0.6609,0.2405,1.7654
297,20230930,99,0.011,-0.5874,3.8613,3.8613,3.6894,267041000000,0.0,0.9028,0.3154,0.2765,0.7319
298,20230331,100,0.6681,0.9661,0.8211,0.1819,0.0961,-16543000000,0.145,0.2354,0.058,0.0383,20.2016
299,20230630,100,0.6235,0.959,0.8221,0.1908,0.1107,-16994000000,0.0485,0.2431,0.022,0.011,9.3328
300,20230930,100,0.6463,0.9547,0.8268,0.2195,0.14,-17188000000,0.1367,0.2461,0.0453,0.0488,15.9206
301,20230331,101,0.2265,0.8321,1.4584,1.0719,0.4898,30558000000,0.2451,0.2865,0.166,0.1367,114.0063
302,20230630,101,0.2206,0.8789,1.4844,1.0587,0.4777,29945000000,0.1518,0.2487,0.1473,0.0975,64.8474
303,20230930,101,0.2408,0.8681,1.4208,1.0502,0.4628,29956000000,0.2242,0.2527,0.1566,0.1024,108.1834
